ticker,buffett_score,alpha_adj,conviction,verdict,material_killers
NVDA,9.2,0.4,HIGH,Own Forever,1
APP,8.8,0.4,HIGH,Own Forever,0
GOOGL,8.7,0.4,HIGH,Own Forever,0
GOOG,8.7,0.4,HIGH,Own Forever,1
ROL,8.7,0.4,HIGH,Own Forever,0
AXP,8.4,0.4,HIGH,Own Forever,0
RJF,8.4,0.4,HIGH,Own Forever,0
RL,8.4,0.4,HIGH,Own Forever,0
WRB,8.3,0.4,HIGH,Own Forever,0
JPM,8.2,0.4,HIGH,Own Forever,1
MAR,8.2,0.4,HIGH,Own Forever,0
CTAS,8.1,0.4,HIGH,Own Forever,0
META,8.1,0.4,HIGH,Own Forever,1
ANET,8.0,0.3,MODERATE,Watchlist,1
HCA,8.0,0.3,MODERATE,Watchlist,0
MSFT,8.0,0.3,MODERATE,Watchlist,2
PG,8.0,0.3,MODERATE,Watchlist,1
VRSN,8.0,0.3,MODERATE,Watchlist,1
BKNG,7.9,0.29,MODERATE,Watchlist,1
CINF,7.9,0.29,MODERATE,Watchlist,0
MCD,7.9,0.29,MODERATE,Watchlist,1
SNA,7.9,0.29,MODERATE,Watchlist,0
ADBE,7.8,0.28,MODERATE,Watchlist,2
MO,7.8,0.28,MODERATE,Watchlist,1
ADSK,7.8,0.28,MODERATE,Watchlist,2
CPAY,7.8,0.28,MODERATE,Watchlist,1
DECK,7.8,0.28,MODERATE,Watchlist,1
HUBB,7.8,0.28,MODERATE,Watchlist,1
AOS,7.7,0.27,MODERATE,Watchlist,1
AVGO,7.7,0.27,MODERATE,Watchlist,1
ERIE,7.7,0.27,MODERATE,Watchlist,0
LLY,7.7,0.27,MODERATE,Watchlist,1
MNST,7.7,0.27,MODERATE,Watchlist,0
MCO,7.7,0.27,MODERATE,Watchlist,0
ALLE,7.6,0.26,MODERATE,Watchlist,1
BX,7.6,0.26,MODERATE,Watchlist,0
GRMN,7.6,0.26,MODERATE,Watchlist,1
TMUS,7.6,0.26,MODERATE,Watchlist,0
RMD,7.5,0.25,MODERATE,Watchlist,1
CBOE,7.4,0.24,MODERATE,Watchlist,1
FTNT,7.4,0.24,MODERATE,Watchlist,1
ZTS,7.4,0.24,MODERATE,Watchlist,1
ALL,7.3,0.23,MODERATE,Watchlist,1
AON,7.3,0.23,MODERATE,Watchlist,0
ACGL,7.3,0.23,MODERATE,Watchlist,0
BRO,7.3,0.23,MODERATE,Watchlist,0
CB,7.3,0.23,MODERATE,Watchlist,0
EXPE,7.3,0.23,MODERATE,Watchlist,1
GS,7.3,0.23,MODERATE,Watchlist,1
INCY,7.3,0.23,MODERATE,Watchlist,1
INTU,7.3,0.23,MODERATE,Watchlist,1
LVS,7.3,0.23,MODERATE,Watchlist,0
LULU,7.3,0.23,MODERATE,Watchlist,0
MAS,7.3,0.23,MODERATE,Watchlist,1
PGR,7.3,0.23,MODERATE,Watchlist,1
ROST,7.3,0.23,MODERATE,Watchlist,0
TRV,7.3,0.23,MODERATE,Watchlist,1
UNP,7.3,0.23,MODERATE,Watchlist,1
WMT,7.3,0.23,MODERATE,Watchlist,0
AMP,7.2,0.22,MODERATE,Watchlist,1
HIG,7.2,0.22,MODERATE,Watchlist,1
MRSH,7.2,0.22,MODERATE,Watchlist,1
MS,7.2,0.22,MODERATE,Watchlist,1
NTAP,7.2,0.22,MODERATE,Watchlist,2
OXY,7.2,0.22,MODERATE,Watchlist,0
PNR,7.2,0.22,MODERATE,Watchlist,1
TJX,7.2,0.22,MODERATE,Watchlist,1
TT,7.2,0.22,MODERATE,Watchlist,1
SCHW,7.1,0.21,MODERATE,Watchlist,1
STZ,7.1,0.21,MODERATE,Watchlist,0
FDS,7.1,0.21,MODERATE,Watchlist,1
FOX,7.1,0.21,MODERATE,Watchlist,0
IDXX,7.1,0.21,MODERATE,Watchlist,1
IBKR,7.1,0.21,MODERATE,Watchlist,0
SYF,7.1,0.21,MODERATE,Watchlist,1
AIZ,7.0,0.2,MODERATE,Watchlist,1
AZO,7.0,0.2,MODERATE,Watchlist,1
KO,7.0,0.2,MODERATE,Watchlist,0
CL,7.0,0.2,MODERATE,Watchlist,1
FIX,7.0,0.2,MODERATE,Watchlist,0
PAYX,7.0,0.2,MODERATE,Watchlist,2
SNDK,7.0,0.2,MODERATE,Watchlist,2
APO,6.9,0.19,MODERATE,Watchlist,0
JKHY,6.9,0.19,MODERATE,Watchlist,2
KLAC,6.9,0.19,MODERATE,Watchlist,2
MTD,6.9,0.19,MODERATE,Watchlist,1
NFLX,6.9,0.19,MODERATE,Watchlist,1
NWS,6.9,0.19,MODERATE,Watchlist,0
PH,6.9,0.19,MODERATE,Watchlist,1
TROW,6.9,0.19,MODERATE,Watchlist,0
TPR,6.9,0.19,MODERATE,Watchlist,1
TPL,6.9,0.19,MODERATE,Watchlist,1
V,6.9,0.19,MODERATE,Watchlist,1
XYL,6.9,0.19,MODERATE,Watchlist,1
AFL,6.8,0.18,MODERATE,Watchlist,1
AMGN,6.8,0.18,MODERATE,Watchlist,1
CMCSA,6.8,0.18,MODERATE,Watchlist,1
FCX,6.8,0.18,MODERATE,Watchlist,1
IT,6.8,0.18,MODERATE,Watchlist,1
GL,6.8,0.18,MODERATE,Watchlist,1
NTRS,6.8,0.18,MODERATE,Watchlist,1
ORLY,6.8,0.18,MODERATE,Watchlist,1
SYK,6.8,0.18,MODERATE,Watchlist,1
TTD,6.8,0.18,MODERATE,Watchlist,0
WDC,6.8,0.18,MODERATE,Watchlist,2
WTW,6.8,0.18,MODERATE,Watchlist,1
CDNS,6.7,0.17,MODERATE,Watchlist,2
CRH,6.7,0.17,MODERATE,Watchlist,1
ETN,6.7,0.17,MODERATE,Watchlist,1
LII,6.7,0.17,MODERATE,Watchlist,1
MA,6.7,0.17,MODERATE,Watchlist,1
MU,6.7,0.17,MODERATE,Watchlist,2
NDAQ,6.7,0.17,MODERATE,Watchlist,1
OTIS,6.7,0.17,MODERATE,Watchlist,1
PPG,6.7,0.17,MODERATE,Watchlist,1
CRM,6.7,0.17,MODERATE,Watchlist,1
URI,6.7,0.17,MODERATE,Watchlist,1
GWW,6.7,0.17,MODERATE,Watchlist,1
WFC,6.7,0.17,MODERATE,Watchlist,1
AME,6.6,0.16,MODERATE,Watchlist,1
ATO,6.6,0.16,MODERATE,Watchlist,1
BRK-B,6.6,0.16,MODERATE,Watchlist,0
BSX,6.6,0.16,MODERATE,Watchlist,1
CME,6.6,0.16,MODERATE,Watchlist,1
EFX,6.6,0.16,MODERATE,Watchlist,1
FAST,6.6,0.16,MODERATE,Watchlist,1
GEN,6.6,0.16,MODERATE,Watchlist,2
GILD,6.6,0.16,MODERATE,Watchlist,1
IR,6.6,0.16,MODERATE,Watchlist,1
PEP,6.6,0.16,MODERATE,Watchlist,1
PTC,6.6,0.16,MODERATE,Watchlist,2
STX,6.6,0.16,MODERATE,Watchlist,2
SHW,6.6,0.16,MODERATE,Watchlist,1
BMY,6.5,0.15,MODERATE,Watchlist,1
CF,6.5,0.15,MODERATE,Watchlist,1
COP,6.5,0.15,MODERATE,Watchlist,1
CPRT,6.5,0.15,MODERATE,Watchlist,1
COST,6.5,0.15,MODERATE,Watchlist,1
DRI,6.5,0.15,MODERATE,Watchlist,1
FANG,6.5,0.15,MODERATE,Watchlist,0
HD,6.5,0.15,MODERATE,Watchlist,1
HWM,6.5,0.15,MODERATE,Watchlist,1
ICE,6.5,0.15,MODERATE,Watchlist,1
KMB,6.5,0.15,MODERATE,Watchlist,1
LIN,6.5,0.15,MODERATE,Watchlist,1
LOW,6.5,0.15,MODERATE,Watchlist,1
MLM,6.5,0.15,MODERATE,Watchlist,0
PM,6.5,0.15,MODERATE,Watchlist,1
VRSK,6.5,0.15,MODERATE,Watchlist,1
AAPL,6.4,0.14,MODERATE,Watchlist,1
BLK,6.4,0.14,MODERATE,Watchlist,0
BNY,6.4,0.14,MODERATE,Watchlist,1
FFIV,6.4,0.14,MODERATE,Watchlist,2
GEHC,6.4,0.14,MODERATE,Watchlist,1
ITW,6.4,0.14,MODERATE,Watchlist,1
JNJ,6.4,0.14,MODERATE,Watchlist,1
PYPL,6.4,0.14,MODERATE,Watchlist,1
PNC,6.4,0.14,MODERATE,Watchlist,1
CAH,6.3,0.13,MODERATE,Watchlist,1
CMG,6.3,0.13,MODERATE,Watchlist,1
CHD,6.3,0.13,MODERATE,Watchlist,1
CTVA,6.3,0.13,MODERATE,Watchlist,1
DOV,6.3,0.13,MODERATE,Watchlist,0
MDT,6.3,0.13,MODERATE,Watchlist,1
MRK,6.3,0.13,MODERATE,Watchlist,1
RSG,6.3,0.13,MODERATE,Watchlist,1
SYY,6.3,0.13,MODERATE,Watchlist,1
TRGP,6.3,0.13,MODERATE,Watchlist,0
USB,6.3,0.13,MODERATE,Watchlist,1
VLTO,6.3,0.13,MODERATE,Watchlist,1
WM,6.3,0.13,MODERATE,Watchlist,1
T,6.2,0.12,MODERATE,Watchlist,1
BAC,6.2,0.12,MODERATE,Watchlist,1
BF-B,6.2,0.12,MODERATE,Watchlist,0
CAT,6.2,0.12,MODERATE,Watchlist,1
CVX,6.2,0.12,MODERATE,Watchlist,0
EOG,6.2,0.12,MODERATE,Watchlist,1
FOXA,6.2,0.12,MODERATE,Watchlist,0
LRCX,6.2,0.12,MODERATE,Watchlist,2
MTB,6.2,0.12,MODERATE,Watchlist,1
MSI,6.2,0.12,MODERATE,Watchlist,2
RCL,6.2,0.12,MODERATE,Watchlist,1
UHS,6.2,0.12,MODERATE,Watchlist,0
WAB,6.2,0.12,MODERATE,Watchlist,1
WDAY,6.2,0.12,MODERATE,Watchlist,1
APD,6.1,0.11,MODERATE,Watchlist,0
AMZN,6.1,0.11,MODERATE,Watchlist,1
DXCM,6.1,0.11,MODERATE,Watchlist,1
EBAY,6.1,0.11,MODERATE,Watchlist,1
EG,6.1,0.11,MODERATE,Watchlist,1
GDDY,6.1,0.11,MODERATE,Watchlist,2
HSY,6.1,0.11,MODERATE,Watchlist,1
LHX,6.1,0.11,MODERATE,Watchlist,1
NWSA,6.1,0.11,MODERATE,Watchlist,1
RDDT,6.1,0.11,MODERATE,Watchlist,1
SPGI,6.1,0.11,MODERATE,Watchlist,1
STE,6.1,0.11,MODERATE,Watchlist,1
LNT,6.0,0.0,LOW,Pass,2
AEE,6.0,0.0,LOW,Pass,2
AEP,6.0,0.0,LOW,Pass,2
ARES,6.0,0.0,LOW,Pass,1
BR,6.0,0.0,LOW,Pass,2
CCL,6.0,0.0,LOW,Pass,1
CASY,6.0,0.0,LOW,Pass,1
CNP,6.0,0.0,LOW,Pass,2
CLX,6.0,0.0,LOW,Pass,2
CMS,6.0,0.0,LOW,Pass,2
COO,6.0,0.0,LOW,Pass,1
DVA,6.0,0.0,LOW,Pass,1
D,6.0,0.0,LOW,Pass,2
DPZ,6.0,0.0,LOW,Pass,2
DUK,6.0,0.0,LOW,Pass,2
ECL,6.0,0.0,LOW,Pass,1
EIX,6.0,0.0,LOW,Pass,2
ES,6.0,0.0,LOW,Pass,2
EXC,6.0,0.0,LOW,Pass,2
FICO,6.0,0.0,LOW,Pass,2
FERG,6.0,0.0,LOW,Pass,0
BEN,6.0,0.0,LOW,Pass,0
GPN,6.0,0.0,LOW,Pass,2
HLT,6.0,0.0,LOW,Pass,1
HONA,6.0,0.0,LOW,Pass,2
HON,6.0,0.0,LOW,Pass,2
KVUE,6.0,0.0,LOW,Pass,1
KDP,6.0,0.0,LOW,Pass,1
KIM,6.0,0.0,LOW,Pass,1
KMI,6.0,0.0,LOW,Pass,1
KKR,6.0,0.0,LOW,Pass,0
KHC,6.0,0.0,LOW,Pass,0
MKC,6.0,0.0,LOW,Pass,1
MCK,6.0,0.0,LOW,Pass,1
MET,6.0,0.0,LOW,Pass,1
NI,6.0,0.0,LOW,Pass,2
ORCL,6.0,0.0,LOW,Pass,2
PNW,6.0,0.0,LOW,Pass,2
PPL,6.0,0.0,LOW,Pass,2
PFG,6.0,0.0,LOW,Pass,0
PRU,6.0,0.0,LOW,Pass,2
QCOM,6.0,0.0,LOW,Pass,2
RF,6.0,0.0,LOW,Pass,1
SBAC,6.0,0.0,LOW,Pass,2
SPG,6.0,0.0,LOW,Pass,1
SOLV,6.0,0.0,LOW,Pass,1
SO,6.0,0.0,LOW,Pass,2
STT,6.0,0.0,LOW,Pass,1
TSCO,6.0,0.0,LOW,Pass,1
TDG,6.0,0.0,LOW,Pass,2
ULTA,6.0,0.0,LOW,Pass,1
UAL,6.0,0.0,LOW,Pass,2
VEEV,6.0,0.0,LOW,Pass,1
VICI,6.0,0.0,LOW,Pass,2
WEC,6.0,0.0,LOW,Pass,2
WYNN,6.0,0.0,LOW,Pass,1
XEL,6.0,0.0,LOW,Pass,2
YUM,6.0,0.0,LOW,Pass,2
ABNB,5.9,0.0,LOW,Pass,0
ADI,5.9,0.0,LOW,Pass,2
COF,5.9,0.0,LOW,Pass,0
CHTR,5.9,0.0,LOW,Pass,1
ETR,5.9,0.0,LOW,Pass,2
FE,5.9,0.0,LOW,Pass,2
REG,5.9,0.0,LOW,Pass,2
HOOD,5.9,0.0,LOW,Pass,1
SLB,5.9,0.0,LOW,Pass,1
SNPS,5.9,0.0,LOW,Pass,2
VRT,5.9,0.0,LOW,Pass,1
WSM,5.9,0.0,LOW,Pass,0
ABT,5.8,0.0,LOW,Pass,1
AMT,5.8,0.0,LOW,Pass,2
AWK,5.8,0.0,LOW,Pass,2
APA,5.8,0.0,LOW,Pass,1
ADP,5.8,0.0,LOW,Pass,2
CSCO,5.8,0.0,LOW,Pass,2
ED,5.8,0.0,LOW,Pass,2
DVN,5.8,0.0,LOW,Pass,1
EME,5.8,0.0,LOW,Pass,1
FDX,5.8,0.0,LOW,Pass,1
NEM,5.8,0.0,LOW,Pass,1
PCG,5.8,0.0,LOW,Pass,2
O,5.8,0.0,LOW,Pass,2
REGN,5.8,0.0,LOW,Pass,1
SJM,5.8,0.0,LOW,Pass,0
VZ,5.8,0.0,LOW,Pass,1
VRTX,5.8,0.0,LOW,Pass,2
WMB,5.8,0.0,LOW,Pass,2
BBY,5.7,0.0,LOW,Pass,1
DTE,5.7,0.0,LOW,Pass,2
FDXF,5.7,0.0,LOW,Pass,1
IBM,5.7,0.0,LOW,Pass,2
ISRG,5.7,0.0,LOW,Pass,1
MGM,5.7,0.0,LOW,Pass,1
ROK,5.7,0.0,LOW,Pass,1
C,5.6,0.0,LOW,Pass,1
CMI,5.6,0.0,LOW,Pass,1
DAL,5.6,0.0,LOW,Pass,0
DASH,5.6,0.0,LOW,Pass,1
PODD,5.6,0.0,LOW,Pass,1
VMC,5.6,0.0,LOW,Pass,1
ZBH,5.6,0.0,LOW,Pass,1
APH,5.5,0.0,LOW,Pass,2
AMAT,5.5,0.0,LOW,Pass,2
COR,5.5,0.0,LOW,Pass,0
XOM,5.5,0.0,LOW,Pass,1
FRT,5.5,0.0,LOW,Pass,1
FTV,5.5,0.0,LOW,Pass,2
HBAN,5.5,0.0,LOW,Pass,1
JCI,5.5,0.0,LOW,Pass,1
KEY,5.5,0.0,LOW,Pass,1
L,5.5,0.0,LOW,Pass,0
NKE,5.5,0.0,LOW,Pass,0
ROP,5.5,0.0,LOW,Pass,2
SRE,5.5,0.0,LOW,Pass,2
TTWO,5.5,0.0,LOW,Pass,0
TKO,5.5,0.0,LOW,Pass,0
UBER,5.5,0.0,LOW,Pass,2
EVRG,5.4,0.0,LOW,Pass,2
EXE,5.4,0.0,LOW,Pass,1
FITB,5.4,0.0,LOW,Pass,1
FSLR,5.4,0.0,LOW,Pass,2
GE,5.4,0.0,LOW,Pass,1
JBL,5.4,0.0,LOW,Pass,1
J,5.4,0.0,LOW,Pass,1
LYB,5.4,0.0,LOW,Pass,1
NXPI,5.4,0.0,LOW,Pass,2
OKE,5.4,0.0,LOW,Pass,2
SMCI,5.4,0.0,LOW,Pass,1
TFC,5.4,0.0,LOW,Pass,1
VLO,5.4,0.0,LOW,Pass,1
VST,5.4,0.0,LOW,Pass,1
MMM,5.3,0.0,LOW,Pass,1
ALGN,5.3,0.0,LOW,Pass,1
AXON,5.3,0.0,LOW,Pass,1
BLDR,5.3,0.0,LOW,Pass,1
DHR,5.3,0.0,LOW,Pass,0
GNRC,5.3,0.0,LOW,Pass,0
INVH,5.3,0.0,LOW,Pass,2
ODFL,5.3,0.0,LOW,Pass,1
PLTR,5.3,0.0,LOW,Pass,1
ABBV,5.2,0.0,LOW,Pass,1
ARE,5.2,0.0,LOW,Pass,1
AVY,5.2,0.0,LOW,Pass,1
BKR,5.2,0.0,LOW,Pass,1
CSGP,5.2,0.0,LOW,Pass,0
DELL,5.2,0.0,LOW,Pass,2
EMR,5.2,0.0,LOW,Pass,1
EQT,5.2,0.0,LOW,Pass,1
HAS,5.2,0.0,LOW,Pass,1
LMT,5.2,0.0,LOW,Pass,1
MCHP,5.2,0.0,LOW,Pass,1
NEE,5.2,0.0,LOW,Pass,2
NSC,5.2,0.0,LOW,Pass,1
NVR,5.2,0.0,LOW,Pass,1
PFE,5.2,0.0,LOW,Pass,1
PEG,5.2,0.0,LOW,Pass,2
PSA,5.2,0.0,LOW,Pass,1
NOW,5.2,0.0,LOW,Pass,2
TRMB,5.2,0.0,LOW,Pass,2
ACN,5.1,0.0,LOW,Pass,2
AIG,5.1,0.0,LOW,Pass,1
BDX,5.1,0.0,LOW,Pass,1
CSX,5.1,0.0,LOW,Pass,1
DLTR,5.1,0.0,LOW,Pass,1
EXR,5.1,0.0,LOW,Pass,2
GD,5.1,0.0,LOW,Pass,1
IEX,5.1,0.0,LOW,Pass,1
MDLZ,5.1,0.0,LOW,Pass,1
NDSN,5.1,0.0,LOW,Pass,1
ALB,5.0,0.0,LOW,Pass,1
BIIB,5.0,0.0,LOW,Pass,1
XYZ,5.0,0.0,LOW,Pass,2
CFG,5.0,0.0,LOW,Pass,1
CEG,5.0,0.0,LOW,Pass,1
CCI,5.0,0.0,LOW,Pass,2
ECHO,5.0,0.0,LOW,Pass,1
FLEX,5.0,0.0,LOW,Pass,2
HAL,5.0,0.0,LOW,Pass,1
KEYS,5.0,0.0,LOW,Pass,2
LDOS,5.0,0.0,LOW,Pass,2
NCLH,5.0,0.0,LOW,Pass,2
PSKY,5.0,0.0,LOW,Pass,1
TDY,5.0,0.0,LOW,Pass,2
TXT,5.0,0.0,LOW,Pass,1
UPS,5.0,0.0,LOW,Pass,1
A,4.9,0.0,LOW,Pass,1
AKAM,4.9,0.0,LOW,Pass,2
APTV,4.9,0.0,LOW,Pass,1
AJG,4.9,0.0,LOW,Pass,1
CARR,4.9,0.0,LOW,Pass,1
DD,4.9,0.0,LOW,Pass,1
ESS,4.9,0.0,LOW,Pass,2
GIS,4.9,0.0,LOW,Pass,2
LUV,4.9,0.0,LOW,Pass,0
TEL,4.9,0.0,LOW,Pass,2
TYL,4.9,0.0,LOW,Pass,2
UDR,4.9,0.0,LOW,Pass,2
VMRK,4.9,0.0,LOW,Pass,2
CIEN,4.8,0.0,LOW,Pass,2
FISV,4.8,0.0,LOW,Pass,1
HST,4.8,0.0,LOW,Pass,0
HPQ,4.8,0.0,LOW,Pass,2
NUE,4.8,0.0,LOW,Pass,0
PHM,4.8,0.0,LOW,Pass,1
SWK,4.8,0.0,LOW,Pass,1
TGT,4.8,0.0,LOW,Pass,1
WAT,4.8,0.0,LOW,Pass,1
CDW,4.7,0.0,LOW,Pass,2
DLR,4.7,0.0,LOW,Pass,2
EW,4.7,0.0,LOW,Pass,1
IQV,4.7,0.0,LOW,Pass,1
MPC,4.7,0.0,LOW,Pass,1
MPWR,4.7,0.0,LOW,Pass,1
OMC,4.7,0.0,LOW,Pass,1
PKG,4.7,0.0,LOW,Pass,0
PLD,4.7,0.0,LOW,Pass,2
TER,4.7,0.0,LOW,Pass,2
TMO,4.7,0.0,LOW,Pass,1
AMD,4.6,0.0,LOW,Pass,2
CI,4.6,0.0,LOW,Pass,0
CTSH,4.6,0.0,LOW,Pass,2
DG,4.6,0.0,LOW,Pass,2
EXPD,4.6,0.0,LOW,Pass,1
FIS,4.6,0.0,LOW,Pass,3
HII,4.6,0.0,LOW,Pass,1
IVZ,4.6,0.0,LOW,Pass,1
KR,4.6,0.0,LOW,Pass,1
LH,4.6,0.0,LOW,Pass,1
LYV,4.6,0.0,LOW,Pass,1
MSCI,4.6,0.0,LOW,Pass,0
NOC,4.6,0.0,LOW,Pass,1
ON,4.6,0.0,LOW,Pass,2
TXN,4.6,0.0,LOW,Pass,2
VTRS,4.6,0.0,LOW,Pass,1
DIS,4.6,0.0,LOW,Pass,1
TAP,4.5,0.0,LOW,Pass,1
ZBRA,4.5,0.0,LOW,Pass,2
CVNA,4.4,0.0,LOW,Pass,0
NRG,4.4,0.0,LOW,Pass,1
Q,4.4,0.0,LOW,Pass,2
STLD,4.4,0.0,LOW,Pass,1
BXP,4.3,0.0,LOW,Pass,2
EL,4.3,0.0,LOW,Pass,1
MAA,4.3,0.0,LOW,Pass,2
CHRW,4.2,0.0,LOW,Pass,1
DDOG,4.2,0.0,LOW,Pass,3
DHI,4.2,0.0,LOW,Pass,1
GPC,4.2,0.0,LOW,Pass,1
HPE,4.2,0.0,LOW,Pass,2
IFF,4.2,0.0,LOW,Pass,1
JBHT,4.2,0.0,LOW,Pass,0
PSX,4.2,0.0,LOW,Pass,1
DGX,4.2,0.0,LOW,Pass,1
TSN,4.2,0.0,LOW,Pass,0
AMCR,4.1,0.0,LOW,Pass,2
PCAR,4.1,0.0,LOW,Pass,1
PWR,4.1,0.0,LOW,Pass,1
WST,4.1,0.0,LOW,Pass,1
AES,4.0,-0.2,AVOID,Avoid,2
BALL,4.0,-0.2,AVOID,Avoid,1
BAX,4.0,-0.2,AVOID,Avoid,2
CPT,4.0,-0.2,AVOID,Avoid,1
COHR,4.0,-0.2,AVOID,Avoid,1
LITE,4.0,-0.2,AVOID,Avoid,2
RTX,4.0,-0.2,AVOID,Avoid,1
SWKS,4.0,-0.2,AVOID,Avoid,2
BG,3.9,-0.21,AVOID,Avoid,2
CVS,3.9,-0.21,AVOID,Avoid,2
ELV,3.9,-0.21,AVOID,Avoid,1
F,3.9,-0.21,AVOID,Avoid,2
GM,3.9,-0.21,AVOID,Avoid,2
HRL,3.9,-0.21,AVOID,Avoid,1
IP,3.9,-0.21,AVOID,Avoid,1
SW,3.9,-0.21,AVOID,Avoid,1
SBUX,3.9,-0.21,AVOID,Avoid,1
TECH,3.8,-0.22,AVOID,Avoid,2
CNC,3.8,-0.22,AVOID,Avoid,1
GEV,3.8,-0.22,AVOID,Avoid,1
HSIC,3.8,-0.22,AVOID,Avoid,1
LEN,3.8,-0.22,AVOID,Avoid,1
MOS,3.8,-0.22,AVOID,Avoid,1
UNH,3.8,-0.22,AVOID,Avoid,1
VTR,3.8,-0.22,AVOID,Avoid,2
ADM,3.7,-0.22,AVOID,Avoid,1
DOW,3.7,-0.22,AVOID,Avoid,2
WBD,3.7,-0.22,AVOID,Avoid,1
CBRE,3.6,-0.23,AVOID,Avoid,2
COIN,3.6,-0.23,AVOID,Avoid,1
MRVL,3.6,-0.23,AVOID,Avoid,2
CRWD,3.5,-0.24,AVOID,Avoid,2
EQIX,3.5,-0.24,AVOID,Avoid,2
DOC,3.5,-0.24,AVOID,Avoid,2
MRNA,3.5,-0.24,AVOID,Avoid,2
PANW,3.5,-0.24,AVOID,Avoid,2
RVTY,3.5,-0.24,AVOID,Avoid,1
WELL,3.5,-0.24,AVOID,Avoid,2
INTC,3.4,-0.25,AVOID,Avoid,1
TSLA,3.4,-0.25,AVOID,Avoid,0
BA,3.3,-0.25,AVOID,Avoid,1
IRM,3.3,-0.25,AVOID,Avoid,2
CRL,3.2,-0.26,AVOID,Avoid,1
HUM,3.2,-0.26,AVOID,Avoid,2
DE,3.1,-0.27,AVOID,Avoid,2
WY,2.9,-0.28,AVOID,Avoid,2
GLW,2.6,-0.3,AVOID,Avoid,2
